,normalize,err,no_match
0,none,0.9216130129507787,0
1,movieId,0.8294578091358619,0
2,userId,102.4253952294241,0
3,none,0.9171984087668742,0
4,movieId,0.8340912431490253,0
5,userId,195.9741133960873,0
6,none,0.9171905269536296,0
7,movieId,0.8209305299485758,0
8,userId,42.70998790555946,0
