,normalize,err,no_match
0,none,0.8991725712996124,0
1,movieId,3.261322180437699,0
2,userId,87.5170836516661,0
3,none,0.8744552571011941,0
4,movieId,7.716794848838544,0
5,userId,328.0304883285571,0
