,normalize,err,no_match
0,none,0.903263326936818,0
1,movieId,111.80707317939452,0
2,userId,102.18500487235649,0
3,none,0.9110614933353685,0
4,movieId,16.29513702495324,0
5,userId,61.445651802760395,0
6,none,0.9215269795764562,0
7,movieId,14.041907992982042,0
8,userId,132.1386768022267,0
