,normalize,err,no_match
0,none,0.9134814686554755,1
1,movieId,4.636830350308472,1
2,userId,120.47557259228161,1
3,none,0.913925119219121,1
4,movieId,4.544080869884995,0
5,userId,672.7920179106629,2
6,none,0.9036773390176338,2
7,movieId,2.4867849454688886,1
8,userId,58.75852429907789,0
